<?xml version="1.0" encoding="UTF-8"?>
<driverConfiguration>
	<driver>
		<name>ActivIdentity - Windows (x86)</name>
		<path>C:\WINDOWS\System32\acpks211.dll</path>
		<slot>0</slot>
		<slotIndex>0</slotIndex>
	</driver>
	<driver>
		<name>Aladdin eToken - Mac OS X</name>
		<path>/Library/Frameworks/eToken.framework/Versions/Current/libeToken.dylib</path>
		<slot>1</slot>
		<slotIndex>0</slotIndex>
	</driver>
	<driver>
		<name>Aladdin eToken - Windows (x86)</name>
		<path>C:\WINDOWS\System32\eTPKCS11.dll</path>
		<slot>1</slot>
		<slotIndex>0</slotIndex>
	</driver>
	<driver>
		<name>Axalto - Windows</name>
		<path>C:\Program Files\Axalto\Access Client\v5\xltCk.dll</path>
		<slot>0</slot>
		<slotIndex>0</slotIndex>
	</driver>
	<driver>
		<name>Belgium eID - Windows (x86)</name>
		<path>C:\Windows\System32\beidpkcs11.dll</path>
		<slot>0</slot>
		<slotIndex>0</slotIndex>
	</driver>
	<driver>
		<name>Belgium eID - Linux (x86)</name>
		<path>/usr/lib/libbeidpkcs11.so</path>
		<slot>0</slot>
		<slotIndex>0</slotIndex>
	</driver>
	<driver>
		<name>Belgium eID - Linux (x64)</name>
		<path>/usr/lib64/libbeidpkcs11.so</path>
		<slot>0</slot>
		<slotIndex>0</slotIndex>
	</driver>
	<driver>
		<name>Portuguese Cartão de Cidadão - Windows (x86)</name>
		<path>C:\Windows\System32\pteidpkcs11.dll</path>
		<slot>0</slot>
		<slotIndex>0</slotIndex>
	</driver>
	<driver>
		<name>Portuguese Cartão de Cidadão - Windows (x64)</name>
		<path>C:\Windows\SysWOW64\pteidpkcs11.dll</path>
		<slot>0</slot>
		<slotIndex>0</slotIndex>
	</driver>
	<driver>
		<name>Portuguese Cartão de Cidadão - Linux</name>
		<path>/usr/local/lib/libpteidpkcs11.so</path>
		<slot>0</slot>
		<slotIndex>0</slotIndex>
	</driver>
	<driver>
		<name>Spanish DNIe - Windows (x86)</name>
		<path>C:\WINDOWS\System32\UsrPkcs11.dll</path>
		<slot>1</slot>
		<slotIndex>0</slotIndex>
	</driver>
	<driver>
		<name>Spanish DNIe - Windows (x64)</name>
		<path>C:\WINDOWS\SysWOW64\UsrPkcs11.dll</path>
		<slot>1</slot>
		<slotIndex>0</slotIndex>
	</driver>
	<driver>
		<name>Spanish DNIe - Linux (x86)</name>
		<path>/usr/lib/opensc-pkcs11.so</path>
		<slot>0</slot>
		<slotIndex>0</slotIndex>
	</driver>
	<driver>
		<name>Spanish DNIe - Linux (x64)</name>
		<path>/usr/lib64/opensc-pkcs11.so</path>
		<slot>0</slot>
		<slotIndex>0</slotIndex>
	</driver>
	<driver>
		<name>Spanish DNIe - Mac OS X</name>
		<path>/Library/OpenSC/lib/opensc-pkcs11.so</path>
		<slot>0</slot>
		<slotIndex>0</slotIndex>
	</driver>
		<driver>
		<name>Switzerland SuisseID - Windows (x86)</name>
		<path>C:\WINDOWS\System32\siecap11.dll</path>
		<slot>3</slot>
		<slotIndex>0</slotIndex>
	</driver>
</driverConfiguration>